<?xml version="1.1"?>
<ZINVOIC02>
	<IDOC BEGIN="1">
		<EDI_DC40 SEGMENT="1">
			<TABNAM>EDI_DC40</TABNAM>
			<MANDT>200</MANDT>
			<DOCNUM>0000000000025007</DOCNUM>
			<DOCREL>750</DOCREL>
			<STATUS>30</STATUS>
			<DIRECT>1</DIRECT>
			<OUTMOD>2</OUTMOD>
			<IDOCTYP>INVOIC02</IDOCTYP>
			<CIMTYP>ZINVOIC02</CIMTYP>
			<MESTYP>INVOIC</MESTYP>
			<SNDPOR>SAPD4A</SNDPOR>
			<SNDPRT>LS</SNDPRT>
			<SNDPRN>D4ACLNT200</SNDPRN>
			<RCVPOR>A000000004</RCVPOR>
			<RCVPRT>LS</RCVPRT>
			<RCVPFC>LS</RCVPFC>
			<RCVPRN>MULESOFT</RCVPRN>
			<CREDAT>20180309</CREDAT>
			<CRETIM>083539</CRETIM>
			<SERIAL>20180309083539</SERIAL>
		</EDI_DC40>
		<E1EDK01 SEGMENT="1">
			<CURCY>EUR</CURCY>
			<HWAER>EUR</HWAER>
			<WKURS>1.00000</WKURS>
			<ZTERM>0001</ZTERM>
			<EIGENUINR>ESA08225013</EIGENUINR>
			<BSART>INVO</BSART>
			<BELNR>0070000007</BELNR>
			<GEWEI>KGM</GEWEI>
			<FKART_RL>LR</FKART_RL>
			<RECIPNT_NO>1000000047</RECIPNT_NO>
			<FKTYP>L</FKTYP>
			<Z1EDK01 SEGMENT="1">
				<ZTXTCUR>Euro</ZTXTCUR>
			</Z1EDK01>
		</E1EDK01>
		<E1EDKA1 SEGMENT="1">
			<PARVW>RS</PARVW>
			<LIFNR>1000000047</LIFNR>
			<LAND1>ES</LAND1>
			<SPRAS>E</SPRAS>
			<BNAME>TCHENEVIE</BNAME>
			<PAORG>ES02</PAORG>
		</E1EDKA1>
		<E1EDKA1 SEGMENT="1">
			<PARVW>AG</PARVW>
			<PARTN>1000000047</PARTN>
			<NAME1>AIR FRANCE</NAME1>
			<STRAS>C/ JULIAN CAMARILLO, 6 A 3ªPLT</STRAS>
			<ORT01>Madrid</ORT01>
			<PSTLZ>28000</PSTLZ>
			<LAND1>ES</LAND1>
			<SPRAS>S</SPRAS>
			<ANRED>Empresa</ANRED>
			<REGIO>28</REGIO>
			<SPRAS_ISO>ES</SPRAS_ISO>
		</E1EDKA1>
		<E1EDKA1 SEGMENT="1">
			<PARVW>RE</PARVW>
			<PARTN>1000000047</PARTN>
			<NAME1>AIR FRANCE</NAME1>
			<STRAS>C/ JULIAN CAMARILLO, 6 A 3ªPLT</STRAS>
			<ORT01>Madrid</ORT01>
			<PSTLZ>28000</PSTLZ>
			<LAND1>ES</LAND1>
			<SPRAS>S</SPRAS>
			<ANRED>Empresa</ANRED>
			<REGIO>28</REGIO>
			<SPRAS_ISO>ES</SPRAS_ISO>
			<Z1EDKA1 SEGMENT="1">
				<ZCIF>W0011056I</ZCIF>
				<ZCNTRY>España</ZCNTRY>
			</Z1EDKA1>
		</E1EDKA1>
		<E1EDKA1 SEGMENT="1">
			<PARVW>RG</PARVW>
			<PARTN>1000000047</PARTN>
			<NAME1>AIR FRANCE</NAME1>
			<STRAS>C/ JULIAN CAMARILLO, 6 A 3ªPLT</STRAS>
			<ORT01>Madrid</ORT01>
			<PSTLZ>28000</PSTLZ>
			<LAND1>ES</LAND1>
			<SPRAS>S</SPRAS>
			<ANRED>Empresa</ANRED>
			<REGIO>28</REGIO>
			<SPRAS_ISO>ES</SPRAS_ISO>
		</E1EDKA1>
		<E1EDKA1 SEGMENT="1">
			<PARVW>ZZ</PARVW>
			<PARTN>S105101</PARTN>
			<NAME1>MONTSENY A.S. N - H - AIREA - (S)</NAME1>
			<NAME2>MONTSENY A.S. - NOR - AIREA</NAME2>
			<NAME3>SELF (01105101002)</NAME3>
			<STRAS>AUTOPISTA AP-7 KM. 117</STRAS>
			<ORT01>LLINARS DEL VALLES</ORT01>
			<PSTLZ>08450</PSTLZ>
			<LAND1>ES</LAND1>
			<TELF1>93 841 26 68</TELF1>
			<TELFX>93 841 26 51</TELFX>
			<SPRAS>S</SPRAS>
			<ANRED>Empresa</ANRED>
			<REGIO>08</REGIO>
			<SPRAS_ISO>ES</SPRAS_ISO>
		</E1EDKA1>
		<E1EDKA1 SEGMENT="1">
			<PARVW>BK</PARVW>
			<LIFNR>X531</LIFNR>
			<NAME1>AREAS, S.A.U</NAME1>
			<STRAS>Avda. Diagonal 579-585 6 planta</STRAS>
			<ORT01>BARCELONA</ORT01>
			<COUNC>08</COUNC>
			<PSTLZ>08014</PSTLZ>
			<LAND1>ES</LAND1>
			<TELF1>932401515</TELF1>
			<REGIO>08</REGIO>
			<Z1EDKA1 SEGMENT="1">
				<ZREMARK>Reg. Merc. Barcelona Folio151,Tomo 1.639,Libro1066</ZREMARK>
				<ZEMAIL>gestioncobros.facturas@areas.com</ZEMAIL>
				<ZCIF>A08225013</ZCIF>
			</Z1EDKA1>
		</E1EDKA1>
		<E1EDK02 SEGMENT="1">
			<QUALF>009</QUALF>
			<BELNR>0070000007</BELNR>
			<DATUM>20180228</DATUM>
		</E1EDK02>
		<E1EDK02 SEGMENT="1">
			<QUALF>002</QUALF>
			<BELNR>0000000591</BELNR>
			<DATUM>20180228</DATUM>
		</E1EDK02>
		<E1EDK02 SEGMENT="1">
			<QUALF>087</QUALF>
			<BELNR>0070000007</BELNR>
		</E1EDK02>
		<E1EDK03 SEGMENT="1">
			<IDDAT>026</IDDAT>
			<DATUM>20180228</DATUM>
		</E1EDK03>
		<E1EDK03 SEGMENT="1">
			<IDDAT>012</IDDAT>
			<DATUM>20180305</DATUM>
		</E1EDK03>
		<E1EDK03 SEGMENT="1">
			<IDDAT>011</IDDAT>
			<DATUM>20180309</DATUM>
		</E1EDK03>
		<E1EDK03 SEGMENT="1">
			<IDDAT>024</IDDAT>
			<DATUM>20180228</DATUM>
		</E1EDK03>
		<E1EDK03 SEGMENT="1">
			<IDDAT>028</IDDAT>
			<DATUM>20180228</DATUM>
		</E1EDK03>
		<E1EDK03 SEGMENT="1">
			<IDDAT>048</IDDAT>
			<DATUM>20180228</DATUM>
		</E1EDK03>
		<E1EDK05 SEGMENT="1">
			<ALCKZ>+</ALCKZ>
			<KSCHL>ZZP0</KSCHL>
			<KOTXT>Precio de venta</KOTXT>
			<BETRG>5.00</BETRG>
			<KRATE>5.00</KRATE>
			<UPRBS>1</UPRBS>
			<MEAUN>PCE</MEAUN>
			<KOEIN>EUR</KOEIN>
		</E1EDK05>
		<E1EDK05 SEGMENT="1">
			<ALCKZ>+</ALCKZ>
			<KSCHL>ZZP0</KSCHL>
			<KOTXT>Precio de venta</KOTXT>
			<BETRG>19.00</BETRG>
			<KRATE>19.00</KRATE>
			<UPRBS>1</UPRBS>
			<MEAUN>PCE</MEAUN>
			<MWSKZ>A1</MWSKZ>
			<KOEIN>EUR</KOEIN>
		</E1EDK05>
		<E1EDK04 SEGMENT="1">
			<MWSKZ>A1</MWSKZ>
			<MSATZ>4.000</MSATZ>
			<MWSBT>0.76</MWSBT>
			<Z1EDK04 SEGMENT="1">
				<ZVATTYPE>IVA</ZVATTYPE>
			</Z1EDK04>
		</E1EDK04>
		<E1EDK18 SEGMENT="1">
			<QUALF>001</QUALF>
			<TAGE>0</TAGE>
			<PRZNT>0</PRZNT>
			<ZTERM_TXT>Hasta el 28.02.2018 sin deducción</ZTERM_TXT>
		</E1EDK18>
		<E1EDK18 SEGMENT="1">
			<QUALF>005</QUALF>
			<ZTERM_TXT>Pago inmediato sin deducción</ZTERM_TXT>
		</E1EDK18>
		<E1EDK28 SEGMENT="1">
			<BCOUN>ES</BCOUN>
			<BRNUM>BBVAESMMXXX</BRNUM>
			<BNAME>BANCO BILBAO VIZCAYA ARGENTARIA, S.A.</BNAME>
			<BALOC>BARCELONA 08002</BALOC>
			<ACNUM>ES9501820999820102030409</ACNUM>
			<BIBAN>ES9501820999820102030409</BIBAN>
			<Z1EDK28 SEGMENT="1">
				<NETDT>20180228</NETDT>
			</Z1EDK28>
		</E1EDK28>
		<E1EDK28 SEGMENT="1">
			<BCOUN>ES</BCOUN>
			<BRNUM>BBVAESMMXXX</BRNUM>
			<BNAME>BANCO BILBAO VIZCAYA ARGENTARIA, S.A.</BNAME>
			<BALOC>BARCELONA 08002</BALOC>
			<ACNUM>ES7701820999820201507725</ACNUM>
			<BIBAN>ES7701820999820201507725</BIBAN>
		</E1EDK28>
		<E1EDK28 SEGMENT="1">
			<BCOUN>ES</BCOUN>
			<BRNUM>BBVAESMMXXX</BRNUM>
			<BNAME>BANCO BILBAO VIZCAYA ARGENTARIA, S.A.</BNAME>
			<BALOC>BARCELONA 08002</BALOC>
			<ACNUM>ES8301820999850201511544</ACNUM>
			<BIBAN>ES8301820999850201511544</BIBAN>
		</E1EDK28>
		<E1EDK28 SEGMENT="1">
			<BCOUN>ES</BCOUN>
			<BRNUM>BBVAESMMXXX</BRNUM>
			<BNAME>BANCO BILBAO VIZCAYA ARGENTARIA, S.A.</BNAME>
			<BALOC>BARCELONA 08002</BALOC>
			<ACNUM>ES3401820999890201511551</ACNUM>
			<BIBAN>ES3401820999890201511551</BIBAN>
		</E1EDK28>
		<E1EDK28 SEGMENT="1">
			<BCOUN>ES</BCOUN>
			<BRNUM>BBVAESMMXXX</BRNUM>
			<BNAME>BANCO BILBAO VIZCAYA ARGENTARIA, S.A.</BNAME>
			<BALOC>BARCELONA 08002</BALOC>
			<ACNUM>ES3501820999810201511537</ACNUM>
			<BIBAN>ES3501820999810201511537</BIBAN>
		</E1EDK28>
		<E1EDK28 SEGMENT="1">
			<BCOUN>ES</BCOUN>
			<BRNUM>BBVAESMMXXX</BRNUM>
			<BNAME>BANCO BILBAO VIZCAYA ARGENTARIA, S.A.</BNAME>
			<BALOC>BARCELONA 08002</BALOC>
			<ACNUM>ES6501820999880201518996</ACNUM>
			<BIBAN>ES6501820999880201518996</BIBAN>
		</E1EDK28>
		<E1EDK28 SEGMENT="1">
			<BCOUN>ES</BCOUN>
			<BRNUM>BBVAESMMXXX</BRNUM>
			<BNAME>BANCO BILBAO VIZCAYA ARGENTARIA, S.A.</BNAME>
			<BALOC>BARCELONA 08002</BALOC>
			<ACNUM>ES4301820999800201522500</ACNUM>
			<BIBAN>ES4301820999800201522500</BIBAN>
		</E1EDK28>
		<E1EDK28 SEGMENT="1">
			<BCOUN>ES</BCOUN>
			<BRNUM>CAHMESMMXXX</BRNUM>
			<BNAME>BANKIA, S.A.</BNAME>
			<BALOC>BARCELONA 08017</BALOC>
			<ACNUM>ES3820388811226000006941</ACNUM>
			<BIBAN>ES3820388811226000006941</BIBAN>
		</E1EDK28>
		<E1EDK28 SEGMENT="1">
			<BCOUN>ES</BCOUN>
			<BRNUM>01289455</BRNUM>
			<BNAME>BANKINTER, S.A.</BNAME>
			<BALOC>SANT JOAN DESPI 08970</BALOC>
			<ACNUM>0100014715</ACNUM>
		</E1EDK28>
		<E1EDK28 SEGMENT="1">
			<BCOUN>ES</BCOUN>
			<BRNUM>POPUESMMXXX</BRNUM>
			<BNAME>BANCO POPULAR ESPANOL, S.A.</BNAME>
			<BALOC>BARCELONA 08007</BALOC>
			<ACNUM>ES2200751588890600007825</ACNUM>
			<BIBAN>ES2200751588890600007825</BIBAN>
		</E1EDK28>
		<E1EDK28 SEGMENT="1">
			<BCOUN>ES</BCOUN>
			<BRNUM>CAIXESBBXXX</BRNUM>
			<BNAME>CAIXABANK, S.A.</BNAME>
			<BALOC>PALMA 07002</BALOC>
			<ACNUM>ES2621008612970200001967</ACNUM>
			<BIBAN>ES2621008612970200001967</BIBAN>
		</E1EDK28>
		<E1EDK28 SEGMENT="1">
			<BCOUN>ES</BCOUN>
			<BRNUM>CAIXESBBXXX</BRNUM>
			<BNAME>CAIXABANK, S.A.</BNAME>
			<BALOC>PALMA 07002</BALOC>
			<ACNUM>ES8921008612920200001854</ACNUM>
			<BIBAN>ES8921008612920200001854</BIBAN>
		</E1EDK28>
		<E1EDK28 SEGMENT="1">
			<BCOUN>ES</BCOUN>
			<BRNUM>CAIXESBBXXX</BRNUM>
			<BNAME>CAIXABANK, S.A.</BNAME>
			<BALOC>PALMA 07002</BALOC>
			<ACNUM>ES8021008612990200002061</ACNUM>
			<BIBAN>ES8021008612990200002061</BIBAN>
		</E1EDK28>
		<E1EDK28 SEGMENT="1">
			<BCOUN>ES</BCOUN>
			<BRNUM>BSABESBBXXX</BRNUM>
			<BNAME>BANCO DE SABADELL, S.A.</BNAME>
			<BALOC>BARCELONA 08008</BALOC>
			<ACNUM>ES5700815172810001047112</ACNUM>
			<BIBAN>ES5700815172810001047112</BIBAN>
		</E1EDK28>
		<E1EDK28 SEGMENT="1">
			<BCOUN>ES</BCOUN>
			<BRNUM>BSCHESMMXXX</BRNUM>
			<BNAME>BANCO SANTANDER, S.A.</BNAME>
			<BALOC>BARCELONA 08007</BALOC>
			<ACNUM>ES4900491806972610556623</ACNUM>
			<BIBAN>ES4900491806972610556623</BIBAN>
		</E1EDK28>
		<E1EDKT1 SEGMENT="1">
			<TDID>Z006</TDID>
			<TSSPRAS>S</TSSPRAS>
			<TSSPRAS_ISO>ES</TSSPRAS_ISO>
			<E1EDKT2 SEGMENT="1">
				<TDLINE>Error: not generated</TDLINE>
				<TDFORMAT>*</TDFORMAT>
			</E1EDKT2>
		</E1EDKT1>
		<E1EDKT1 SEGMENT="1">
			<TDID>Z002</TDID>
			<TSSPRAS>S</TSSPRAS>
			<TSSPRAS_ISO>ES</TSSPRAS_ISO>
			<E1EDKT2 SEGMENT="1">
				<TDLINE>VENTAS</TDLINE>
				<TDFORMAT>*</TDFORMAT>
			</E1EDKT2>
		</E1EDKT1>
		<E1EDK14 SEGMENT="1">
			<QUALF>008</QUALF>
			<ORGID>ES02</ORGID>
		</E1EDK14>
		<E1EDK14 SEGMENT="1">
			<QUALF>007</QUALF>
			<ORGID>10</ORGID>
		</E1EDK14>
		<E1EDK14 SEGMENT="1">
			<QUALF>006</QUALF>
			<ORGID>01</ORGID>
		</E1EDK14>
		<E1EDK14 SEGMENT="1">
			<QUALF>015</QUALF>
			<ORGID>ZF01</ORGID>
		</E1EDK14>
		<E1EDK14 SEGMENT="1">
			<QUALF>003</QUALF>
			<ORGID>X531</ORGID>
		</E1EDK14>
		<E1EDK14 SEGMENT="1">
			<QUALF>021</QUALF>
			<ORGID>M</ORGID>
		</E1EDK14>
		<E1EDP01 SEGMENT="1">
			<POSEX>000010</POSEX>
			<MENGE>1.000</MENGE>
			<MENEE>PCE</MENEE>
			<GEWEI>KGM</GEWEI>
			<PSTYV>ZTAN</PSTYV>
			<WERKS>S001</WERKS>
			<Z1EDP01 SEGMENT="1">
				<ZUNITP>          19</ZUNITP>
			</Z1EDP01>
			<Z1EDP02 SEGMENT="1">
				<ZPRCTR>S105100</ZPRCTR>
				<ZLTEXT>MW MONTSENY -C</ZLTEXT>
				<ZPSTLZ>08450</ZPSTLZ>
				<ZORT01>LLINARS DEL VALLES</ZORT01>
			</Z1EDP02>
			<E1EDP02 SEGMENT="1">
				<QUALF>001</QUALF>
			</E1EDP02>
			<E1EDP02 SEGMENT="1">
				<QUALF>002</QUALF>
				<BELNR>0000000591</BELNR>
				<ZEILE>000010</ZEILE>
				<DATUM>20180228</DATUM>
			</E1EDP02>
			<E1EDP02 SEGMENT="1">
				<QUALF>016</QUALF>
				<BELNR>0000000591</BELNR>
				<ZEILE>000010</ZEILE>
				<DATUM>20180228</DATUM>
			</E1EDP02>
			<E1EDP03 SEGMENT="1">
				<IDDAT>029</IDDAT>
				<DATUM>20180228</DATUM>
			</E1EDP03>
			<E1EDP03 SEGMENT="1">
				<IDDAT>011</IDDAT>
				<DATUM>20180309</DATUM>
			</E1EDP03>
			<E1EDP03 SEGMENT="1">
				<IDDAT>025</IDDAT>
				<DATUM>20180305</DATUM>
			</E1EDP03>
			<E1EDP03 SEGMENT="1">
				<IDDAT>027</IDDAT>
				<DATUM>20180228</DATUM>
			</E1EDP03>
			<E1EDP03 SEGMENT="1">
				<IDDAT>023</IDDAT>
				<DATUM>20180301</DATUM>
			</E1EDP03>
			<E1EDP19 SEGMENT="1">
				<QUALF>002</QUALF>
				<IDTNR>000000000020000512</IDTNR>
				<KTEXT>LIBRETA CON MENSAJE A5, ME VOY DE … UNIC</KTEXT>
			</E1EDP19>
			<E1EDP26 SEGMENT="1">
				<QUALF>003</QUALF>
				<BETRG>19.00</BETRG>
			</E1EDP26>
			<E1EDP26 SEGMENT="1">
				<QUALF>001</QUALF>
				<BETRG>0</BETRG>
			</E1EDP26>
			<E1EDP26 SEGMENT="1">
				<QUALF>002</QUALF>
				<BETRG>0</BETRG>
			</E1EDP26>
			<E1EDPA1 SEGMENT="1">
				<PARVW>WE</PARVW>
				<PARTN>1000000047</PARTN>
				<NAME1>AIR FRANCE</NAME1>
				<STRAS>C/ JULIAN CAMARILLO, 6 A 3ªPLT</STRAS>
				<ORT01>Madrid</ORT01>
				<PSTLZ>28000</PSTLZ>
				<LAND1>ES</LAND1>
				<SPRAS>S</SPRAS>
				<ANRED>Empresa</ANRED>
				<HAUSN>000000</HAUSN>
				<REGIO>28</REGIO>
				<SPRAS_ISO>ES</SPRAS_ISO>
			</E1EDPA1>
			<E1EDP04 SEGMENT="1">
				<MWSKZ>A1</MWSKZ>
				<MSATZ>4.000</MSATZ>
				<MWSBT>0.76</MWSBT>
				<Z1EDP04 SEGMENT="1">
					<ZVATTYPE>IVA</ZVATTYPE>
				</Z1EDP04>
			</E1EDP04>
		</E1EDP01>
		<E1EDP01 SEGMENT="1">
			<POSEX>000020</POSEX>
			<MENGE>1.000</MENGE>
			<MENEE>PCE</MENEE>
			<GEWEI>KGM</GEWEI>
			<PSTYV>ZTAN</PSTYV>
			<WERKS>S001</WERKS>
			<Z1EDP01 SEGMENT="1">
				<ZUNITP>           5</ZUNITP>
			</Z1EDP01>
			<Z1EDP02 SEGMENT="1">
				<ZSTRAS>Berliner Alle 103</ZSTRAS>
			</Z1EDP02>
			<E1EDP02 SEGMENT="1">
				<QUALF>001</QUALF>
			</E1EDP02>
			<E1EDP02 SEGMENT="1">
				<QUALF>002</QUALF>
				<BELNR>0000000591</BELNR>
				<ZEILE>000020</ZEILE>
				<DATUM>20180228</DATUM>
			</E1EDP02>
			<E1EDP02 SEGMENT="1">
				<QUALF>016</QUALF>
				<BELNR>0000000591</BELNR>
				<ZEILE>000020</ZEILE>
				<DATUM>20180228</DATUM>
			</E1EDP02>
			<E1EDP03 SEGMENT="1">
				<IDDAT>029</IDDAT>
				<DATUM>20180228</DATUM>
			</E1EDP03>
			<E1EDP03 SEGMENT="1">
				<IDDAT>011</IDDAT>
				<DATUM>20180309</DATUM>
			</E1EDP03>
			<E1EDP03 SEGMENT="1">
				<IDDAT>025</IDDAT>
				<DATUM>20180305</DATUM>
			</E1EDP03>
			<E1EDP03 SEGMENT="1">
				<IDDAT>027</IDDAT>
				<DATUM>20180228</DATUM>
			</E1EDP03>
			<E1EDP03 SEGMENT="1">
				<IDDAT>023</IDDAT>
				<DATUM>20180301</DATUM>
			</E1EDP03>
			<E1EDP19 SEGMENT="1">
				<QUALF>002</QUALF>
				<IDTNR>000000000000000031</IDTNR>
				<KTEXT>CAFE GRANO DESCAF. BAR 500GR -ESPRESSI</KTEXT>
			</E1EDP19>
			<E1EDP26 SEGMENT="1">
				<QUALF>003</QUALF>
				<BETRG>5.00</BETRG>
			</E1EDP26>
			<E1EDP26 SEGMENT="1">
				<QUALF>001</QUALF>
				<BETRG>0</BETRG>
			</E1EDP26>
			<E1EDP26 SEGMENT="1">
				<QUALF>002</QUALF>
				<BETRG>0</BETRG>
			</E1EDP26>
			<E1EDPA1 SEGMENT="1">
				<PARVW>WE</PARVW>
				<PARTN>1000000047</PARTN>
				<NAME1>AIR FRANCE</NAME1>
				<STRAS>C/ JULIAN CAMARILLO, 6 A 3ªPLT</STRAS>
				<ORT01>Madrid</ORT01>
				<PSTLZ>28000</PSTLZ>
				<LAND1>ES</LAND1>
				<SPRAS>S</SPRAS>
				<ANRED>Empresa</ANRED>
				<HAUSN>000000</HAUSN>
				<REGIO>28</REGIO>
				<SPRAS_ISO>ES</SPRAS_ISO>
			</E1EDPA1>
		</E1EDP01>
		<E1EDS01 SEGMENT="1">
			<SUMID>001</SUMID>
			<SUMME>2</SUMME>
		</E1EDS01>
		<E1EDS01 SEGMENT="1">
			<SUMID>012</SUMID>
			<SUMME>0</SUMME>
			<WAERQ>EUR</WAERQ>
		</E1EDS01>
		<E1EDS01 SEGMENT="1">
			<SUMID>005</SUMID>
			<SUMME>0.76</SUMME>
			<WAERQ>EUR</WAERQ>
		</E1EDS01>
		<E1EDS01 SEGMENT="1">
			<SUMID>011</SUMID>
			<SUMME>24.76</SUMME>
			<WAERQ>EUR</WAERQ>
		</E1EDS01>
		<E1EDS01 SEGMENT="1">
			<SUMID>010</SUMID>
			<SUMME>24.00</SUMME>
			<WAERQ>EUR</WAERQ>
		</E1EDS01>
	</IDOC>
</ZINVOIC02>
