<?xml version="1.0" encoding="UTF-8"?>

<mule xmlns="http://www.mulesoft.org/schema/mule/core" xmlns:doc="http://www.mulesoft.org/schema/mule/documentation"
	xmlns:spring="http://www.springframework.org/schema/beans" 
	xmlns:xsi="http://www.w3.org/2001/XMLSchema-instance"
	xsi:schemaLocation="http://www.springframework.org/schema/beans http://www.springframework.org/schema/beans/spring-beans-current.xsd
http://www.mulesoft.org/schema/mule/core http://www.mulesoft.org/schema/mule/core/current/mule.xsd">
    <sub-flow name="log_flow_start">
        <logger level="INFO" doc:name="Logger" category="${kibana.flow.log.category.start}" message="{&quot;application-name&quot;:&quot;${application.name}&quot;,&quot;flow-name&quot;:&quot;#[flow.name]&quot;,&quot;timestamp&quot;:&quot;#[server.dateTime.format(&quot;yyyyMMddHHmmss&quot;)]&quot;}"/>
    </sub-flow>
    <sub-flow name="log_flow_end">
        <logger level="INFO" doc:name="Logger" category="${kibana.flow.log.category.end}" message="{&quot;application-name&quot;:&quot;${application.name}&quot;,&quot;flow-name&quot;:&quot;#[flow.name]&quot;,&quot;timestamp&quot;:&quot;#[server.dateTime.format(&quot;yyyyMMddHHmmss&quot;)]&quot;}"/>
    </sub-flow>
    <sub-flow name="log_flow_error">
        <logger level="ERROR" doc:name="Logger" category="${kibana.flow.log.category.error}" message="{&quot;application-name&quot;:&quot;${application.name}&quot;,&quot;flow-name&quot;:&quot;#[flow.name]&quot;,&quot;timestamp&quot;:&quot;#[server.dateTime.format(&quot;yyyyMMddHHmmss&quot;)]&quot;,&quot;description&quot;:&quot;#[quoteJSONString(exception.getI18nMessage())]&quot;}"/>
    </sub-flow>
    <sub-flow name="log_batch_start">
        <logger message="{&quot;application-name&quot;:&quot;${application.name}&quot;,&quot;BID&quot;:&quot;#[flowVars.batchJobInstanceId]&quot;,&quot;flow-name&quot;:&quot;#[flow.name]&quot;,&quot;timestamp&quot;:&quot;#[server.dateTime.format(&quot;yyyyMMddHHmmss&quot;)]&quot;}" level="INFO" category="${kibana.batch.log.category.start}" doc:name="Logger"/>
    </sub-flow>
    <sub-flow name="log_batch_end">
        <logger message="{&quot;application-name&quot;:&quot;${application.name}&quot;,&quot;BID&quot;:&quot;#[flowVars.batchJobInstanceId]&quot;,&quot;flow-name&quot;:&quot;#[flow.name]&quot;,&quot;timestamp&quot;:&quot;#[server.dateTime.format(&quot;yyyyMMddHHmmss&quot;)]&quot;,&quot;successfulRecords&quot;:&quot;#[flowVars.successfulRecords]&quot;,&quot;failedRecords&quot;:&quot;#[flowVars.failedRecords]&quot;}" level="INFO" category="${kibana.batch.log.category.end}" doc:name="Logger"/>
    </sub-flow>
    <sub-flow name="log_batch_error">
        <logger message="{&quot;application-name&quot;:&quot;${application.name}&quot;,&quot;BID&quot;:&quot;#[flowVars.batchJobInstanceId]&quot;,&quot;flow-name&quot;:&quot;#[flow.name]&quot;,&quot;timestamp&quot;:&quot;#[server.dateTime.format(&quot;yyyyMMddHHmmss&quot;)]&quot;,&quot;description&quot;:&quot;#[flowVars.exception!=null?quoteJSONString(flowVars.exception.getI18nMessage()):'null']&quot;}" level="ERROR" category="${kibana.batch.log.category.error}" doc:name="Logger"/>
    </sub-flow>
    <sub-flow name="log_batch_step_error">
        <logger message="{&quot;application-name&quot;:&quot;${application.name}&quot;,&quot;BID&quot;:&quot;#[flowVars.batchJobInstanceId]&quot;,&quot;flow-name&quot;:&quot;#[flow.name]&quot;,&quot;timestamp&quot;:&quot;#[server.dateTime.format(&quot;yyyyMMddHHmmss&quot;)]&quot;,&quot;description&quot;:&quot;#[quoteJSONString(getStepExceptions())]&quot;}" level="ERROR" category="${kibana.batch.log.category.error}" doc:name="Logger"/>
    </sub-flow>
    <sub-flow name="log_batch_ws_pre">
        <logger message="{&quot;application-name&quot;: &quot;${application.name}&quot;,&quot;flow-name&quot;: &quot;#[flow.name]&quot;,&quot;BID&quot;: &quot;#[flowVars.batchJobInstanceId]&quot;,&quot;timestamp&quot;: &quot;#[server.dateTime.format(&quot;yyyyMMddHHmmss&quot;)]&quot;,&quot;username&quot;: &quot;null&quot;,&quot;requestxml&quot;: &quot;#[quoteJSONString(message.payload)]&quot;}" level="INFO" category="${kibana.batch.log.category.ws}" doc:name="Logger"/>
    </sub-flow>
    <sub-flow name="log_batch_ws_post">
        <logger message="{&quot;application-name&quot;: &quot;${application.name}&quot;,&quot;flow-name&quot;: &quot;#[flow.name]&quot;,&quot;BID&quot;: &quot;#[flowVars.batchJobInstanceId]&quot;,&quot;timestamp&quot;: &quot;#[server.dateTime.format(&quot;yyyyMMddHHmmss&quot;)]&quot;,&quot;http.status&quot;:&quot;#[message.inboundProperties['http.status']]&quot;,&quot;response&quot;: &quot;#[quoteJSONString(message.payload)]&quot;}" level="INFO" category="${kibana.batch.log.category.ws}" doc:name="Logger"/>
    </sub-flow>
</mule>
